{"cameraMode":{"drawMode":0,"name":"Shaded","section":"Shading Mode"},"sceneLighting":true,"audioPlay":false,"sceneViewState":{"showFog":true,"showMaterialUpdate":false,"showSkybox":false,"showFlares":true,"showImageEffects":true,"showParticleSystems":true},"in2DMode":false,"pivot":{"x":2.8283872604370119,"y":5.444774150848389,"z":-2.9779651165008547},"rotation":{"x":-0.19015935063362122,"y":-0.2285601943731308,"z":0.04557245969772339,"w":-0.9537004232406616},"size":8.040057182312012,"orthographic":false}