{"cameraMode":{"drawMode":0,"name":"Shaded","section":"Shading Mode"},"sceneLighting":true,"audioPlay":false,"sceneViewState":{"showFog":true,"showMaterialUpdate":false,"showSkybox":false,"showFlares":true,"showImageEffects":true,"showParticleSystems":true},"in2DMode":false,"pivot":{"x":1.1010894775390626,"y":3.3348255157470705,"z":-8.974624633789063},"rotation":{"x":-0.18222138285636903,"y":0.17650876939296723,"z":-0.0332711786031723,"w":-0.9667131304740906},"size":36.19633102416992,"orthographic":false}