{"cameraMode":{"drawMode":0,"name":"Shaded","section":"Shading Mode"},"sceneLighting":true,"audioPlay":false,"sceneViewState":{"showFog":true,"showMaterialUpdate":false,"showSkybox":false,"showFlares":true,"showImageEffects":true,"showParticleSystems":true},"in2DMode":false,"pivot":{"x":2.0907301902770998,"y":3.9687013626098635,"z":-6.854424476623535},"rotation":{"x":-0.18551775813102723,"y":0.5098329186439514,"z":-0.11363910883665085,"w":-0.8323107361793518},"size":22.25810432434082,"orthographic":false}