{"cameraMode":{"drawMode":0,"name":"Shaded","section":"Shading Mode"},"sceneLighting":true,"audioPlay":false,"sceneViewState":{"showFog":true,"showMaterialUpdate":false,"showSkybox":false,"showFlares":true,"showImageEffects":true,"showParticleSystems":true},"in2DMode":false,"pivot":{"x":3.2393198013305666,"y":3.029324531555176,"z":-0.9237632751464844},"rotation":{"x":-0.031185397878289224,"y":0.004812638275325298,"z":0.00022812504903413355,"w":0.9995203018188477},"size":12.199698448181153,"orthographic":false}