{"cameraMode":{"drawMode":0,"name":"Shaded","section":"Shading Mode"},"sceneLighting":true,"audioPlay":false,"sceneViewState":{"showFog":true,"showMaterialUpdate":false,"showSkybox":false,"showFlares":true,"showImageEffects":true,"showParticleSystems":true},"in2DMode":false,"pivot":{"x":2.8283872604370119,"y":5.444774150848389,"z":-2.9779651165008547},"rotation":{"x":-0.22994542121887208,"y":-0.5690028071403503,"z":0.16968095302581788,"w":-0.7710986733436585},"size":16.22704315185547,"orthographic":false}