{"cameraMode":{"drawMode":0,"name":"Shaded","section":"Shading Mode"},"sceneLighting":true,"audioPlay":false,"sceneViewState":{"showFog":true,"showMaterialUpdate":false,"showSkybox":false,"showFlares":true,"showImageEffects":true,"showParticleSystems":true},"in2DMode":false,"pivot":{"x":3.070971727371216,"y":-0.7956360578536987,"z":-1.683418869972229},"rotation":{"x":0.11031784117221832,"y":0.11631946265697479,"z":-0.013000812381505967,"w":0.9869939088821411},"size":11.044252395629883,"orthographic":false}