{"cameraMode":{"drawMode":0,"name":"Shaded","section":"Shading Mode"},"sceneLighting":true,"audioPlay":false,"sceneViewState":{"showFog":true,"showMaterialUpdate":false,"showSkybox":false,"showFlares":true,"showImageEffects":true,"showParticleSystems":true},"in2DMode":false,"pivot":{"x":2.0907301902770998,"y":3.9687013626098635,"z":-6.854424476623535},"rotation":{"x":-0.10207387804985047,"y":0.033415257930755618,"z":-0.0034306293819099666,"w":-0.9942103624343872},"size":22.25810432434082,"orthographic":false}