{"cameraMode":{"drawMode":0,"name":"Shaded","section":"Shading Mode"},"sceneLighting":true,"audioPlay":false,"sceneViewState":{"showFog":true,"showMaterialUpdate":false,"showSkybox":false,"showFlares":true,"showImageEffects":true,"showParticleSystems":true},"in2DMode":false,"pivot":{"x":1.9919289350509644,"y":-0.06418411433696747,"z":-2.4093241691589357},"rotation":{"x":-0.07215501368045807,"y":-0.050566647201776507,"z":0.0036630944814532997,"w":-0.9961174726486206},"size":3.0239439010620119,"orthographic":false}