{"cameraMode":{"drawMode":0,"name":"Shaded","section":"Shading Mode"},"sceneLighting":true,"audioPlay":false,"sceneViewState":{"showFog":true,"showMaterialUpdate":true,"showSkybox":true,"showFlares":true,"showImageEffects":true,"showParticleSystems":true},"in2DMode":false,"pivot":{"x":1.2093286514282227,"y":1.595278024673462,"z":1.595790147781372},"rotation":{"x":0.24847063422203065,"y":-0.047076135873794559,"z":0.012067906558513642,"w":0.9674268364906311},"size":15.690567016601563,"orthographic":false}